{
  "hash": "de52271d",
  "configHash": "2a38d542",
  "lockfileHash": "c36ee6c1",
  "browserHash": "7c6b895d",
  "optimized": {
    "@angular/common": {
      "src": "../../../../../node_modules/@angular/common/fesm2022/common.mjs",
      "file": "@angular_common.js",
      "fileHash": "6307552e",
      "needsInterop": false
    },
    "@angular/common/http": {
      "src": "../../../../../node_modules/@angular/common/fesm2022/http.mjs",
      "file": "@angular_common_http.js",
      "fileHash": "b33934ec",
      "needsInterop": false
    },
    "@angular/core": {
      "src": "../../../../../node_modules/@angular/core/fesm2022/core.mjs",
      "file": "@angular_core.js",
      "fileHash": "45c50f00",
      "needsInterop": false
    },
    "@angular/forms": {
      "src": "../../../../../node_modules/@angular/forms/fesm2022/forms.mjs",
      "file": "@angular_forms.js",
      "fileHash": "a63d34f4",
      "needsInterop": false
    },
    "@angular/platform-browser": {
      "src": "../../../../../node_modules/@angular/platform-browser/fesm2022/platform-browser.mjs",
      "file": "@angular_platform-browser.js",
      "fileHash": "d1c3fe39",
      "needsInterop": false
    },
    "@angular/router": {
      "src": "../../../../../node_modules/@angular/router/fesm2022/router.mjs",
      "file": "@angular_router.js",
      "fileHash": "171932ff",
      "needsInterop": false
    }
  },
  "chunks": {
    "chunk-HNSCI2FA": {
      "file": "chunk-HNSCI2FA.js"
    },
    "chunk-5MDLDFBM": {
      "file": "chunk-5MDLDFBM.js"
    },
    "chunk-JCCGAHCX": {
      "file": "chunk-JCCGAHCX.js"
    },
    "chunk-FLSG4Q2H": {
      "file": "chunk-FLSG4Q2H.js"
    }
  }
}